1,google.com
2,facebook.com
3,youtube.com
4,baidu.com
5,yahoo.com
6,amazon.com
7,wikipedia.org
8,qq.com
9,twitter.com
10,google.co.in
11,taobao.com
12,live.com
13,sina.com.cn
14,linkedin.com
15,yahoo.co.jp
16,weibo.com
17,ebay.com
18,google.co.jp
19,yandex.ru
20,hao123.com
21,vk.com
22,bing.com
23,google.de
24,t.co
25,msn.com
26,instagram.com
27,aliexpress.com
28,amazon.co.jp
29,google.co.uk
30,apple.com
31,blogspot.com
32,ask.com
33,pinterest.com
34,wordpress.com
35,google.fr
36,tmall.com
37,reddit.com
38,google.com.br
39,onclickads.net
40,mail.ru
41,paypal.com
42,google.ru
43,sohu.com
44,tumblr.com
45,imgur.com
46,microsoft.com
47,xvideos.com
48,gmw.cn
49,imdb.com
50,google.it
51,google.es
52,netflix.com
53,fc2.com
54,amazon.de
55,360.cn
56,googleadservices.com
57,go.com
58,alibaba.com
59,stackoverflow.com
60,google.com.mx
61,ok.ru
62,google.ca
63,craigslist.org
64,google.com.hk
65,tianya.cn
66,rakuten.co.jp
67,pornhub.com
68,amazon.co.uk
69,blogger.com
70,naver.com
71,espn.go.com
72,google.com.tr
73,xhamster.com
74,soso.com
75,kat.cr
76,outbrain.com
77,cnn.com
78,nicovideo.jp
79,google.co.id
80,bbc.co.uk
81,flipkart.com
82,diply.com
83,adcash.com
84,dropbox.com
85,github.com
86,amazon.in
87,google.com.au
88,xinhuanet.com
89,popads.net
90,ebay.de
91,googleusercontent.com
92,google.pl
93,google.co.kr
94,dailymotion.com
95,pixnet.net
96,ebay.co.uk
97,nytimes.com
98,sogou.com
99,jd.com
100,booking.com
101,bbc.com
102,163.com
103,livedoor.jp
104,dailymail.co.uk
105,wikia.com
106,adobe.com
107,china.com
108,adnetworkperformance.com
109,indiatimes.com
110,chase.com
111,cntv.cn
112,uol.com.br
113,directrev.com
114,alipay.com
115,xnxx.com
116,bongacams.com
117,coccoc.com
118,huffingtonpost.com
119,dmm.co.jp
120,google.com.tw
121,china.com.cn
122,buzzfeed.com
123,youku.com
124,google.com.sa
125,amazon.cn
126,google.com.eg
127,blogspot.in
128,google.com.ar
129,ameblo.jp
130,amazon.fr
131,google.co.th
132,theguardian.com
133,google.com.pk
134,chinadaily.com.cn
135,walmart.com
136,etsy.com
137,bankofamerica.com
138,daum.net
139,cnet.com
140,ettoday.net
141,amazonaws.com
142,microsoftonline.com
143,globo.com
144,yelp.com
145,twitch.tv
146,slideshare.net
147,quora.com
148,aol.com
149,tudou.com
150,stackexchange.com
151,flickr.com
152,google.nl
153,whatsapp.com
154,weather.com
155,indeed.com
156,tradeadexchange.com
157,redtube.com
158,naver.jp
159,adf.ly
160,amazon.it
161,ilividnewtab.com
162,soundcloud.com
163,tubecup.com
164,snapdeal.com
165,office.com
166,reimageplus.com
167,douban.com
168,bp.blogspot.com
169,youporn.com
170,forbes.com
171,zillow.com
172,wellsfargo.com
173,google.co.za
174,office365.com
175,leboncoin.fr
176,vice.com
177,gmail.com
178,ikea.com
179,detail.tmall.com
180,godaddy.com
181,kakaku.com
182,google.gr
183,google.co.ve
184,target.com
185,vimeo.com
186,goo.ne.jp
187,blogspot.co.id
188,about.com
189,bestbuy.com
190,tripadvisor.com
191,salesforce.com
192,avito.ru
193,allegro.pl
194,adplxmd.com
195,livejournal.com
196,trackingclick.net
197,foxnews.com
198,deviantart.com
199,wordpress.org
200,9gag.com
201,theladbible.com
202,feedly.com
203,themeforest.net
204,doublepimp.com
205,w3schools.com
206,washingtonpost.com
207,nfl.com
208,wikihow.com
209,google.com.ua
210,files.wordpress.com
211,nih.gov
212,businessinsider.com
213,gfycat.com
214,skype.com
215,softonic.com
216,people.com.cn
217,nametests.com
218,google.cn
219,mozilla.org
220,mediafire.com
221,telegraph.co.uk
222,onet.pl
223,taboola.com
224,pixiv.net
225,avg.com
226,mystart.com
227,americanexpress.com
228,google.com.co
229,homedepot.com
230,zol.com.cn
231,doorblog.jp
232,amazon.es
233,wix.com
234,archive.org
235,hclips.com
236,steamcommunity.com
237,secureserver.net
238,google.com.sg
239,google.be
240,zhihu.com
241,ups.com
242,weebly.com
243,comcast.net
244,huanqiu.com
245,wikimedia.org
246,usps.com
247,akamaihd.net
248,ebay-kleinanzeigen.de
249,google.ro
250,addthis.com
251,ndtv.com
252,mercadolivre.com.br
253,gamer.com.tw
254,google.com.ng
255,bitauto.com
256,ifeng.com
257,force.com
258,pconline.com.cn
259,web.de
260,popcash.net
261,shutterstock.com
262,life.com.tw
263,steampowered.com
264,google.com.ph
265,terrapops.com
266,detik.com
267,bilibili.com
268,xywy.com
269,orange.fr
270,bild.de
271,dmm.com
272,usatoday.com
273,github.io
274,sourceforge.net
275,uptodown.com
276,fbcdn.net
277,tlbb8.com
278,speedtest.net
279,xfinity.com
280,gmx.net
281,google.se
282,hp.com
283,hdfcbank.com
284,varzesh3.com
285,webmd.com
286,rambler.ru
287,terraclicks.com
288,answers.com
289,goodreads.com
290,mailchimp.com
291,livejasmin.com
292,google.at
293,groupon.com
294,wp.pl
295,wordreference.com
296,att.com
297,blog.jp
298,spiegel.de
299,haiwainet.cn
300,loading-delivery2.com
301,stumbleupon.com
302,hootsuite.com
303,capitalone.com
304,t-online.de
305,google.com.pe
306,youm7.com
307,google.pt
308,bloomberg.com
309,icicibank.com
310,engadget.com
311,2ch.net
312,amazon.ca
313,nownews.com
314,caijing.com.cn
315,mashable.com
316,samsung.com
317,blogfa.com
318,xuite.net
319,accuweather.com
320,spotify.com
321,fedex.com
322,adidas.tmall.com
323,ign.com
324,thesaurus.com
325,bet365.com
326,gsmarena.com
327,extratorrent.cc
328,watsons.tmall.com
329,wsj.com
330,seznam.cz
331,google.ae
332,udn.com
333,badoo.com
334,media.tumblr.com
335,pandora.com
336,abs-cbnnews.com
337,paytm.com
338,mama.cn
339,mlb.com
340,styletv.com.cn
341,verizonwireless.com
342,chaoshi.tmall.com
343,google.ch
344,spaceshipads.com
345,chaturbate.com
346,livedoor.biz
347,hulu.com
348,youth.cn
349,dell.com
350,ebay.in
351,1688.com
352,kaskus.co.id
353,google.cl
354,reuters.com
355,putlocker.is
356,bleacherreport.com
357,ijreview.com
358,likes.com
359,rediff.com
360,1905.com
361,zendesk.com
362,twimg.com
363,39.net
364,smzdm.com
365,jabong.com
366,oeeee.com
367,google.com.bd
368,google.cz
369,onlinesbi.com
370,rt.com
371,mega.nz
372,mydomainadvisor.com
373,tistory.com
374,sahibinden.com
375,reference.com
376,haosou.com
377,iqiyi.com
378,quikr.com
379,ask.fm
380,milliyet.com.tr
381,macys.com
382,trello.com
383,rutracker.org
384,impress.co.jp
385,icloud.com
386,google.ie
387,warmportrait.com
388,yaolan.com
389,cbssports.com
390,google.dz
391,slickdeals.net
392,baike.com
393,evernote.com
394,liveinternet.ru
395,ebay.it
396,infusionsoft.com
397,kohls.com
398,kickstarter.com
399,tube8.com
400,google.az
401,theverge.com
402,kouclo.com
403,ce.cn
404,eksisozluk.com
405,gameforge.com
406,google.hu
407,ppomppu.co.kr
408,4shared.com
409,enet.com.cn
410,elpais.com
411,ewt.cc
412,thefreedictionary.com
413,hurriyet.com.tr
414,blogimg.jp
415,lady8844.com
416,ebay.com.au
417,neobux.com
418,oracle.com
419,repubblica.it
420,babytree.com
421,marca.com
422,teepr.com
423,buzzfil.net
424,goal.com
425,chinatimes.com
426,meetup.com
427,photobucket.com
428,newegg.com
429,google.no
430,gizmodo.com
431,qunar.com
432,scribd.com
433,olx.in
434,lifehacker.com
435,google.co.il
436,libero.it
437,yandex.ua
438,uploaded.net
439,taleo.net
440,blogspot.com.es
441,sberbank.ru
442,eastday.com
443,onedio.com
444,livedoor.com
445,torrentz.eu
446,list-manage.com
447,ltn.com.tw
448,lowes.com
449,loading-delivery1.com
450,ameba.jp
451,stockstar.com
452,citi.com
453,vid.me
454,fiverr.com
455,time.com
456,4dsply.com
457,gap.com
458,naukri.com
459,free.fr
460,aparat.com
461,cloudfront.net
462,kompas.com
463,xda-developers.com
464,slack.com
465,upornia.com
466,disqus.com
467,battle.net
468,independent.co.uk
469,techcrunch.com
470,xe.com
471,savefrom.net
472,retailmenot.com
473,kinopoisk.ru
474,pinimg.com
475,espncricinfo.com
476,admtpmp127.com
477,hotels.com
478,gamefaqs.com
479,nyaa.se
480,torrentz.in
481,liputan6.com
482,hm.com
483,mobile.de
484,bhaskar.com
485,zippyshare.com
486,nordstrom.com
487,autohome.com.cn
488,freegameszonetab.com
489,gmarket.co.kr
490,nbcnews.com
491,justdial.com
492,albawabhnews.com
493,youboy.com
494,shopclues.com
495,lenovo.com
496,kinogo.co
497,wunderground.com
498,appspot.com
499,tabelog.com
500,corriere.it
501,cnzz.com
502,webssearches.com
503,connect5364.com
504,timeanddate.com
505,chinaz.com
506,chip.de
507,allrecipes.com
508,exoclick.com
509,urdupoint.com
510,ero-advertising.com
511,expedia.com
512,souq.com
513,google.fi
514,ancestry.com
515,gmanetwork.com
516,airbnb.com
517,kijiji.ca
518,google.com.vn
519,rbc.ru
520,epweike.com
521,sabq.org
522,instructables.com
523,elmundo.es
524,surveymonkey.com
525,eyny.com
526,playstation.com
527,shopify.com
528,mercadolibre.com.ar
529,17ok.com
530,digikala.com
531,olx.pl
532,youtube-mp3.org
533,youradexchange.com
534,glassdoor.com
535,hatena.ne.jp
536,blackboard.com
537,myway.com
538,mirror.co.uk
539,npr.org
540,realtor.com
541,asos.com
542,beeg.com
543,google.sk
544,okcupid.com
545,azlyrics.com
546,intuit.com
547,wow.com
548,people.com
549,hespress.com
550,livescore.com
551,doubleclick.net
552,subscene.com
553,b5m.com
554,liveadexchanger.com
555,pulseadnetwork.com
556,streamcloud.eu
557,kooora.com
558,rottentomatoes.com
559,jimdo.com
560,vcommission.com
561,haber7.com
562,verizon.com
563,nifty.com
564,issuu.com
565,seesaa.net
566,xunlei.com
567,bukalapak.com
568,costco.com
569,codecanyon.net
570,discovercard.com
571,blogspot.jp
572,yts.to
573,6pm.com
574,taringa.net
575,box.com
576,so-net.ne.jp
577,douyutv.com
578,sh.st
579,faithtap.com
580,airtel.in
581,wired.com
582,subito.it
583,clien.net
584,vnexpress.net
585,kayak.com
586,ci123.com
587,11st.co.kr
588,moneycontrol.com
589,urbandictionary.com
590,focus.de
591,staticwebdom.com
592,musicboxnewtab.com
593,mixi.jp
594,nike.com
595,mercadolibre.com.ve
596,shareba.com
597,statcounter.com
598,ebay.fr
599,irctc.co.in
600,pof.com
601,zomato.com
602,duckduckgo.com
603,gazeta.pl
604,blogspot.mx
605,overstock.com
606,php.net
607,stamplive.com
608,wonderlandads.com
609,yandex.com.tr
610,drudgereport.com
611,domaintools.com
612,tmz.com
613,agoda.com
614,csdn.net
615,vetogate.com
616,sakura.ne.jp
617,squarespace.com
618,google.com.my
619,trulia.com
620,lemonde.fr
621,ca.gov
622,asus.com
623,itmedia.co.jp
624,ytimg.com
625,r10.net
626,thepiratebay.la
627,change.org
628,tribunnews.com
629,youdao.com
630,lazada.co.id
631,siteadvisor.com
632,hupu.com
633,wetransfer.com
634,abcnews.go.com
635,appledaily.com.tw
636,lenta.ru
637,makemytrip.com
638,instructure.com
639,cookpad.com
640,yodobashi.com
641,udemy.com
642,ensonhaber.com
643,interia.pl
644,k618.cn
645,ganji.com
646,latimes.com
647,aweber.com
648,yandex.kz
649,pch.com
650,woot.com
651,cbs.com
652,semrush.com
653,zulily.com
654,rednet.cn
655,southwest.com
656,youjizz.com
657,japanpost.jp
658,blog.me
659,tinyurl.com
660,sears.com
661,abril.com.br
662,pcmag.com
663,lefigaro.fr
664,hostgator.com
665,medium.com
666,swagbucks.com
667,cnbc.com
668,nhk.or.jp
669,donga.com
670,mercadolibre.com.mx
671,intoday.in
672,gigazine.net
673,superuser.com
674,constantcontact.com
675,cnbeta.com
676,staples.com
677,wayfair.com
678,yallakora.com
679,asahi.com
680,custhelp.com
681,cbsnews.com
682,wikiwiki.jp
683,58.com
684,asana.com
685,norton.com
686,suning.com
687,bomb01.com
688,freepik.com
689,goo.gl
690,slate.com
691,ero-video.net
692,torcache.net
693,eonline.com
694,bestadbid.com
695,biglobe.ne.jp
696,bitly.com
697,foodnetwork.com
698,java.com
699,mystartsearch.com
700,mihanblog.com
701,researchgate.net
702,houzz.com
703,bodybuilding.com
704,eventbrite.com
705,315che.com
706,chron.com
707,howtogeek.com
708,flirchi.com
709,lequipe.fr
710,rightmove.co.uk
711,onlylady.com
712,liveleak.com
713,histats.com
714,pantip.com
715,workercn.cn
716,zing.vn
717,coursera.org
718,marketwatch.com
719,topix.com
720,thesportbible.com
721,patch.com
722,adservingsolutionsinc.com
723,nikkei.com
724,tokopedia.com
725,mobilix.mobi
726,upwork.com
727,rapidgator.net
728,nikkeibp.co.jp
729,shareasale.com
730,fidelity.com
731,bhphotovideo.com
732,goodgamestudios.com
733,nasa.gov
734,gemius.pl
735,windows.com
736,olx.com.br
737,exblog.jp
738,food.com
739,chinaso.com
740,clipconverter.cc
741,voc.com.cn
742,mynet.com
743,t-mobile.com
744,billdesk.com
745,twoo.com
746,hatenablog.com
747,e-hentai.org
748,momoshop.com.tw
749,backpage.com
750,behance.net
751,zoho.com
752,2mdn.info
753,elmogaz.com
754,cdiscount.com
755,myfitnesspal.com
756,zara.com
757,popsugar.com
758,list.tmall.com
759,dropbooks.tv
760,wp.com
761,dianping.com
762,techradar.com
763,gearbest.com
764,ticketmaster.com
765,tiexue.net
766,reverso.net
767,elwatannews.com
768,xbox.com
769,babycenter.com
770,commentcamarche.net
771,milanuncios.com
772,farsnews.com
773,mobile01.com
774,mi.com
775,clixsense.com
776,zappos.com
777,cracked.com
778,gamespot.com
779,usaa.com
780,messenger.com
781,jrj.com.cn
782,ibm.com
783,academia.edu
784,google.dk
785,fanli.com
786,auction.co.kr
787,investing.com
788,egou.com
789,4chan.org
790,disq.us
791,olx.ua
792,ria.ru
793,himado.in
794,nydailynews.com
795,leagueoflegends.com
796,mayoclinic.org
797,eastmoney.com
798,weblio.jp
799,jcpenney.com
800,emol.com
801,gazzetta.it
802,google.co.nz
803,gawker.com
804,16lao.com
805,www.gov.uk
806,india.com
807,mega.co.nz
808,21cn.com
809,macrumors.com
810,mit.edu
811,novinky.cz
812,123rf.com
813,iflscience.com
814,hdfilmifullizle.com.tr
815,bookmyshow.com
816,atlassian.net
817,littlethings.com
818,informer.com
819,jumia.com.ng
820,anitube.se
821,gismeteo.ru
822,facenama.com
823,androidcentral.com
824,kdnet.net
825,ted.com
826,news.com.au
827,atwiki.jp
828,nypost.com
829,sciencedirect.com
830,yoka.com
831,megapopads.com
832,europa.eu
833,statsmobi.com
834,rdsa2012.com
835,cbc.ca
836,wav.tv
837,thedailybeast.com
838,as.com
839,indianexpress.com
840,clickadu.com
841,blogspot.com.tr
842,alfalfalfa.com
843,usbank.com
844,aa.com
845,webex.com
846,fitbit.com
847,sozcu.com.tr
848,infoseek.co.jp
849,vk.me
850,sbnation.com
851,filehippo.com
852,digitaltrends.com
853,wiktionary.org
854,trafficmonsoon.com
855,deviantart.net
856,delta.com
857,premierleague.com
858,gutefrage.net
859,saramin.co.kr
860,quanjing.com
861,mackeeper.com
862,vi-view.com
863,jin115.com
864,geocities.jp
865,blogspot.com.eg
866,nbcsports.com
867,adp.com
868,tsite.jp
869,android.com
870,mobtimizer.com
871,dreamstime.com
872,netteller.com
873,yomiuri.co.jp
874,prntscr.com
875,google.lk
876,drtuber.com
877,absoluteclickscom.com
878,ampclicks.com
879,agar.io
880,acfun.tv
881,haberturk.com
882,tnaflix.com
883,alicdn.com
884,offpageads.com
885,united.com
886,folha.uol.com.br
887,delta-homes.com
888,thewatchseries.to
889,shaparak.ir
890,ew.com
891,fanduel.com
892,roblox.com
893,ehow.com
894,alwafd.org
895,tomshardware.com
896,rakuten.ne.jp
897,theatlantic.com
898,webtretho.com
899,gamepedia.com
900,friv.com
901,priceline.com
902,sapo.pt
903,adme.ru
904,feng.com
905,sfgate.com
906,ebates.com
907,banggood.com
908,getpocket.com
909,bluehost.com
910,primewire.ag
911,thehindu.com
912,zeroredirect1.com
913,ruten.com.tw
914,match.com
915,thekitchn.com
916,noaa.gov
917,investopedia.com
918,vine.co
919,2chblog.jp
920,cnblogs.com
921,gyazo.com
922,cyme.info
923,google.bg
924,yellowpages.com
925,lapatilla.com
926,globososo.com
927,deezer.com
928,tagged.com
929,drom.ru
930,usmagazine.com
931,abplive.in
932,ad4game.com
933,giphy.com
934,pagesjaunes.fr
935,fanpage.gr
936,coupons.com
937,sex.com
938,hubspot.com
939,entrepreneur.com
940,masrawy.com
941,microsoftstore.com
942,weather.gov
943,etao.com
944,google.rs
945,sky.com
946,idnes.cz
947,istartsurf.com
948,ccm.net
949,state.gov
950,welt.de
951,audible.com
952,prpops.com
953,intel.com
954,monster.com
955,zone-telechargement.com
956,plarium.com
957,yandex.by
958,soku.com
959,4pda.ru
960,cpasbien.pw
961,ebay.ca
962,kotaku.com
963,ultimate-guitar.com
964,chexun.com
965,trklnks.com
966,fishki.net
967,reimagenetwork.com
968,forever21.com
969,mynavi.jp
970,carview.co.jp
971,digg.com
972,189.cn
973,bt.com
974,whitepages.com
975,immobilienscout24.de
976,sfr.fr
977,sankei.com
978,slimspots.com
979,adschemist.com
980,cisco.com
981,imobile.com.cn
982,blogspot.de
983,mstrkrbl.com
984,genius.com
985,images-amazon.com
986,indiamart.com
987,google.com.kw
988,52pk.com
989,pchome.com.tw
990,ascii.jp
991,quizlet.com
992,basecamp.com
993,walgreens.com
994,cqnews.net
995,all2lnk.com
996,cam4.com
997,breitbart.com
998,google.by
999,mapquest.com
1000,126.com